group,estimate,se,ci_low,ci_high,n,wtd_n,scenario,measure,estimate_pct,ci_low_pct,ci_high_pct
Q1 (poorest),0.11880452038964728,0.016837806557718934,0.08580302595786583,0.15180601482142875,701,42262990.72268075,Baseline (no coverage),CHE > 10%,11.880452038964728,8.580302595786584,15.180601482142874
Q2,0.14393746239520067,0.021108121470175028,0.10256630453236096,0.18530862025804037,699,42290712.29228352,Baseline (no coverage),CHE > 10%,14.393746239520066,10.256630453236095,18.530862025804037
Q3,0.14195545914041416,0.0178468249460575,0.10697632500775046,0.17693459327307787,808,42304484.50721861,Baseline (no coverage),CHE > 10%,14.195545914041416,10.697632500775047,17.693459327307785
Q4,0.14619588030347047,0.018652746382332545,0.1096371691813389,0.18275459142560205,1041,42234268.88093987,Baseline (no coverage),CHE > 10%,14.619588030347048,10.963716918133889,18.275459142560205
Q5 (richest),0.15627613293214432,0.015197285040587434,0.1264900015898036,0.18606226427448502,1436,42337146.229646675,Baseline (no coverage),CHE > 10%,15.627613293214432,12.64900015898036,18.6062264274485
Q1 (poorest),0.09929629845412531,0.013620720433848781,0.07260017696029292,0.1259924199479577,701,42262990.72268075,Baseline (no coverage),"CHE, CTP >= 40%",9.929629845412531,7.2600176960292915,12.59924199479577
Q2,0.1121974005804701,0.019405808434928333,0.07416271495712698,0.15023208620381323,699,42290712.29228352,Baseline (no coverage),"CHE, CTP >= 40%",11.21974005804701,7.416271495712698,15.023208620381324
Q3,0.06351597207531454,0.010381062674913639,0.043169463111230766,0.0838624810393983,808,42304484.50721861,Baseline (no coverage),"CHE, CTP >= 40%",6.351597207531453,4.316946311123076,8.386248103939831
Q4,0.07600404382746803,0.012758723269827476,0.050997405729893065,0.101010681925043,1041,42234268.88093987,Baseline (no coverage),"CHE, CTP >= 40%",7.600404382746803,5.099740572989306,10.1010681925043
Q5 (richest),0.04408597135430736,0.008427630378211386,0.02756811933799737,0.06060382337061736,1436,42337146.229646675,Baseline (no coverage),"CHE, CTP >= 40%",4.408597135430736,2.756811933799737,6.060382337061736
Q1 (poorest),0.03465581986011119,0.009262678897707837,0.01650130282024466,0.05281033689997772,701,42262990.72268075,"Vulnerable group only, fully subsidised",CHE > 10%,3.4655819860111188,1.6501302820244659,5.281033689997772
Q2,0.04021166718160314,0.01084113281556154,0.01896343731148721,0.06145989705171907,699,42290712.29228352,"Vulnerable group only, fully subsidised",CHE > 10%,4.021166718160314,1.896343731148721,6.145989705171908
Q3,0.14195545914041416,0.0178468249460575,0.10697632500775046,0.17693459327307787,808,42304484.50721861,"Vulnerable group only, fully subsidised",CHE > 10%,14.195545914041416,10.697632500775047,17.693459327307785
Q4,0.14619588030347047,0.018652746382332545,0.1096371691813389,0.18275459142560205,1041,42234268.88093987,"Vulnerable group only, fully subsidised",CHE > 10%,14.619588030347048,10.963716918133889,18.275459142560205
Q5 (richest),0.15627613293214432,0.015197285040587434,0.1264900015898036,0.18606226427448502,1436,42337146.229646675,"Vulnerable group only, fully subsidised",CHE > 10%,15.627613293214432,12.64900015898036,18.6062264274485
Q1 (poorest),0.015604085629324574,0.005479802360992727,0.004863870359381272,0.026344300899267876,701,42262990.72268075,"Vulnerable group only, fully subsidised","CHE, CTP >= 40%",1.5604085629324573,0.4863870359381272,2.634430089926788
Q2,0.023863286703896095,0.00778919022689767,0.00859675439044529,0.0391298190173469,699,42290712.29228352,"Vulnerable group only, fully subsidised","CHE, CTP >= 40%",2.3863286703896094,0.859675439044529,3.91298190173469
Q3,0.06351597207531454,0.010381062674913639,0.043169463111230766,0.0838624810393983,808,42304484.50721861,"Vulnerable group only, fully subsidised","CHE, CTP >= 40%",6.351597207531453,4.316946311123076,8.386248103939831
Q4,0.07600404382746803,0.012758723269827476,0.050997405729893065,0.101010681925043,1041,42234268.88093987,"Vulnerable group only, fully subsidised","CHE, CTP >= 40%",7.600404382746803,5.099740572989306,10.1010681925043
Q5 (richest),0.04408597135430736,0.008427630378211386,0.02756811933799737,0.06060382337061736,1436,42337146.229646675,"Vulnerable group only, fully subsidised","CHE, CTP >= 40%",4.408597135430736,2.756811933799737,6.060382337061736
Q1 (poorest),0.22466227249732498,0.022651495816167284,0.18026615650167738,0.2690583884929726,701,42262990.72268075,"Informal sector, 50% take-up",CHE > 10%,22.466227249732498,18.026615650167738,26.905838849297258
Q2,0.11806834937677559,0.019169351745358623,0.08049711034889266,0.15563958840465852,699,42290712.29228352,"Informal sector, 50% take-up",CHE > 10%,11.806834937677559,8.049711034889267,15.563958840465853
Q3,0.09654056120053638,0.015149694918949302,0.06684770478262629,0.12623341761844648,808,42304484.50721861,"Informal sector, 50% take-up",CHE > 10%,9.654056120053637,6.684770478262629,12.623341761844648
Q4,0.10421969459365943,0.014170367999918236,0.07644628366614081,0.13199310552117804,1041,42234268.88093987,"Informal sector, 50% take-up",CHE > 10%,10.421969459365943,7.644628366614081,13.199310552117804
Q5 (richest),0.11666953470246288,0.013071793407968478,0.09104929040949658,0.1422897789954292,1436,42337146.229646675,"Informal sector, 50% take-up",CHE > 10%,11.666953470246288,9.104929040949658,14.228977899542919
Q1 (poorest),0.19233310298301523,0.01979504219081926,0.15353553321655863,0.23113067274947183,701,42262990.72268075,"Informal sector, 50% take-up","CHE, CTP >= 40%",19.23331029830152,15.353553321655863,23.113067274947184
Q2,0.09832827696021795,0.017673637425459847,0.06368858413049744,0.13296796978993847,699,42290712.29228352,"Informal sector, 50% take-up","CHE, CTP >= 40%",9.832827696021795,6.368858413049744,13.296796978993846
Q3,0.04238251947065372,0.00831660419341144,0.02608227477789251,0.058682764163414926,808,42304484.50721861,"Informal sector, 50% take-up","CHE, CTP >= 40%",4.238251947065372,2.608227477789251,5.868276416341493
Q4,0.04586528327124062,0.010337140236069462,0.025604860705404603,0.06612570583707664,1041,42234268.88093987,"Informal sector, 50% take-up","CHE, CTP >= 40%",4.586528327124062,2.56048607054046,6.612570583707663
Q5 (richest),0.024198767920752557,0.0048712513165229425,0.014651290780724267,0.03374624506078085,1436,42337146.229646675,"Informal sector, 50% take-up","CHE, CTP >= 40%",2.4198767920752555,1.4651290780724266,3.3746245060780846
Q1 (poorest),0.3099668924998509,0.027339420196015075,0.25638261355745434,0.3635511714422474,701,42262990.72268075,"Informal sector, full coverage",CHE > 10%,30.99668924998509,25.638261355745435,36.35511714422474
Q2,0.070596808234194,0.014800186620116333,0.04158897549429439,0.0996046409740936,699,42290712.29228352,"Informal sector, full coverage",CHE > 10%,7.0596808234193995,4.158897549429439,9.96046409740936
Q3,0.05998575710996447,0.011545273252105262,0.03735743734416453,0.08261407687576441,808,42304484.50721861,"Informal sector, full coverage",CHE > 10%,5.998575710996447,3.7357437344164532,8.261407687576442
Q4,0.0713557200980991,0.013043046647341223,0.0457918184206344,0.09691962177556379,1041,42234268.88093987,"Informal sector, full coverage",CHE > 10%,7.135572009809909,4.57918184206344,9.691962177556379
Q5 (richest),0.0653851027548048,0.009676130209059285,0.04642023603532858,0.08434996947428103,1436,42337146.229646675,"Informal sector, full coverage",CHE > 10%,6.53851027548048,4.6420236035328575,8.434996947428102
Q1 (poorest),0.28315948088835335,0.026754865088531792,0.230720908903603,0.33559805287310374,701,42262990.72268075,"Informal sector, full coverage","CHE, CTP >= 40%",28.315948088835334,23.0720908903603,33.559805287310375
Q2,0.07463404351854508,0.015347059582351281,0.044554359468546245,0.10471372756854391,699,42290712.29228352,"Informal sector, full coverage","CHE, CTP >= 40%",7.463404351854508,4.4554359468546245,10.471372756854391
Q3,0.02404461630096288,0.007116732069397345,0.010096077757322876,0.03799315484460289,808,42304484.50721861,"Informal sector, full coverage","CHE, CTP >= 40%",2.404461630096288,1.0096077757322877,3.7993154844602888
Q4,0.024532449233734335,0.008626354011966658,0.007625106052387084,0.04143979241508158,1041,42234268.88093987,"Informal sector, full coverage","CHE, CTP >= 40%",2.4532449233734335,0.7625106052387084,4.143979241508158
Q5 (richest),0.014861822050868598,0.004012747132494592,0.006996982192112821,0.022726661909624375,1436,42337146.229646675,"Informal sector, full coverage","CHE, CTP >= 40%",1.4861822050868598,0.6996982192112821,2.2726661909624375
Q1 (poorest),0.03465581986011119,0.009262678897707837,0.01650130282024466,0.05281033689997772,701,42262990.72268075,"Informal sector, full coverage, no contribution",CHE > 10%,3.4655819860111188,1.6501302820244659,5.281033689997772
Q2,0.04021166718160314,0.01084113281556154,0.01896343731148721,0.06145989705171907,699,42290712.29228352,"Informal sector, full coverage, no contribution",CHE > 10%,4.021166718160314,1.896343731148721,6.145989705171908
Q3,0.03375365841698679,0.008798760164345443,0.016508405386263997,0.050998911447709586,808,42304484.50721861,"Informal sector, full coverage, no contribution",CHE > 10%,3.375365841698679,1.6508405386263996,5.099891144770958
Q4,0.05410278176534275,0.011443599711139426,0.03167373847801651,0.07653182505266899,1041,42234268.88093987,"Informal sector, full coverage, no contribution",CHE > 10%,5.410278176534275,3.1673738478016507,7.6531825052669
Q5 (richest),0.05783261004892052,0.00930161069670239,0.03960178808517131,0.07606343201266973,1436,42337146.229646675,"Informal sector, full coverage, no contribution",CHE > 10%,5.783261004892052,3.9601788085171314,7.606343201266973
Q1 (poorest),0.015604085629324574,0.005479802360992727,0.004863870359381272,0.026344300899267876,701,42262990.72268075,"Informal sector, full coverage, no contribution","CHE, CTP >= 40%",1.5604085629324573,0.4863870359381272,2.634430089926788
Q2,0.023863286703896095,0.00778919022689767,0.00859675439044529,0.0391298190173469,699,42290712.29228352,"Informal sector, full coverage, no contribution","CHE, CTP >= 40%",2.3863286703896094,0.859675439044529,3.91298190173469
Q3,0.013971734404164616,0.005651734033492559,0.0028945392483199096,0.02504892956000932,808,42304484.50721861,"Informal sector, full coverage, no contribution","CHE, CTP >= 40%",1.3971734404164615,0.28945392483199095,2.504892956000932
Q4,0.019787683316818693,0.008186505442096531,0.0037424274910683383,0.03583293914256905,1041,42234268.88093987,"Informal sector, full coverage, no contribution","CHE, CTP >= 40%",1.9787683316818694,0.37424274910683386,3.5832939142569047
Q5 (richest),0.013230518586578725,0.00384000224307201,0.005704252489604563,0.020756784683552888,1436,42337146.229646675,"Informal sector, full coverage, no contribution","CHE, CTP >= 40%",1.3230518586578726,0.5704252489604563,2.0756784683552887
Q1 (poorest),0.12565415928775894,0.016250081742906652,0.09380458432583003,0.15750373424968786,701,42262990.72268075,"Informal sector, full coverage, graded contribution",CHE > 10%,12.565415928775895,9.380458432583003,15.750373424968785
Q2,0.070596808234194,0.014800186620116333,0.04158897549429439,0.0996046409740936,699,42290712.29228352,"Informal sector, full coverage, graded contribution",CHE > 10%,7.0596808234193995,4.158897549429439,9.96046409740936
Q3,0.07488083307282599,0.013040200326666924,0.04932251008137137,0.10043915606428061,808,42304484.50721861,"Informal sector, full coverage, graded contribution",CHE > 10%,7.488083307282599,4.932251008137137,10.043915606428062
Q4,0.109487018095916,0.017851999376008218,0.07449774226690838,0.14447629392492362,1041,42234268.88093987,"Informal sector, full coverage, graded contribution",CHE > 10%,10.9487018095916,7.449774226690837,14.447629392492361
Q5 (richest),0.11987944372865773,0.013938651164938382,0.09256018945231123,0.14719869800500424,1436,42337146.229646675,"Informal sector, full coverage, graded contribution",CHE > 10%,11.987944372865773,9.256018945231123,14.719869800500424
Q1 (poorest),0.12252443362389127,0.019068783089373712,0.08515030553971237,0.15989856170807018,701,42262990.72268075,"Informal sector, full coverage, graded contribution","CHE, CTP >= 40%",12.252443362389128,8.515030553971236,15.989856170807018
Q2,0.07463404351854508,0.015347059582351281,0.044554359468546245,0.10471372756854391,699,42290712.29228352,"Informal sector, full coverage, graded contribution","CHE, CTP >= 40%",7.463404351854508,4.4554359468546245,10.471372756854391
Q3,0.033885081403728326,0.007790312084764362,0.018616350289263034,0.04915381251819362,808,42304484.50721861,"Informal sector, full coverage, graded contribution","CHE, CTP >= 40%",3.3885081403728328,1.8616350289263033,4.915381251819362
Q4,0.03512776282139862,0.008928317847463818,0.01762858139784336,0.052626944244953885,1041,42234268.88093987,"Informal sector, full coverage, graded contribution","CHE, CTP >= 40%",3.5127762821398623,1.762858139784336,5.262694424495389
Q5 (richest),0.018700563324495663,0.004238605521010736,0.01039304915864199,0.027008077490349336,1436,42337146.229646675,"Informal sector, full coverage, graded contribution","CHE, CTP >= 40%",1.8700563324495663,1.039304915864199,2.700807749034934
Q1 (poorest),0.03465581986011119,0.009262678897707837,0.01650130282024466,0.05281033689997772,701,42262990.72268075,"Informal sector, full coverage, Q1-Q2 exempt",CHE > 10%,3.4655819860111188,1.6501302820244659,5.281033689997772
Q2,0.04021166718160314,0.01084113281556154,0.01896343731148721,0.06145989705171907,699,42290712.29228352,"Informal sector, full coverage, Q1-Q2 exempt",CHE > 10%,4.021166718160314,1.896343731148721,6.145989705171908
Q3,0.07488083307282599,0.013040200326666924,0.04932251008137137,0.10043915606428061,808,42304484.50721861,"Informal sector, full coverage, Q1-Q2 exempt",CHE > 10%,7.488083307282599,4.932251008137137,10.043915606428062
Q4,0.109487018095916,0.017851999376008218,0.07449774226690838,0.14447629392492362,1041,42234268.88093987,"Informal sector, full coverage, Q1-Q2 exempt",CHE > 10%,10.9487018095916,7.449774226690837,14.447629392492361
Q5 (richest),0.11987944372865773,0.013938651164938382,0.09256018945231123,0.14719869800500424,1436,42337146.229646675,"Informal sector, full coverage, Q1-Q2 exempt",CHE > 10%,11.987944372865773,9.256018945231123,14.719869800500424
Q1 (poorest),0.015604085629324574,0.005479802360992727,0.004863870359381272,0.026344300899267876,701,42262990.72268075,"Informal sector, full coverage, Q1-Q2 exempt","CHE, CTP >= 40%",1.5604085629324573,0.4863870359381272,2.634430089926788
Q2,0.023863286703896095,0.00778919022689767,0.00859675439044529,0.0391298190173469,699,42290712.29228352,"Informal sector, full coverage, Q1-Q2 exempt","CHE, CTP >= 40%",2.3863286703896094,0.859675439044529,3.91298190173469
Q3,0.033885081403728326,0.007790312084764362,0.018616350289263034,0.04915381251819362,808,42304484.50721861,"Informal sector, full coverage, Q1-Q2 exempt","CHE, CTP >= 40%",3.3885081403728328,1.8616350289263033,4.915381251819362
Q4,0.03512776282139862,0.008928317847463818,0.01762858139784336,0.052626944244953885,1041,42234268.88093987,"Informal sector, full coverage, Q1-Q2 exempt","CHE, CTP >= 40%",3.5127762821398623,1.762858139784336,5.262694424495389
Q5 (richest),0.018700563324495663,0.004238605521010736,0.01039304915864199,0.027008077490349336,1436,42337146.229646675,"Informal sector, full coverage, Q1-Q2 exempt","CHE, CTP >= 40%",1.8700563324495663,1.039304915864199,2.700807749034934
Q1 (poorest),0.32321546291556014,0.02695774103559897,0.27037926138122864,0.37605166444989163,701,42262990.72268075,Universal coverage,CHE > 10%,32.32154629155601,27.037926138122863,37.605166444989166
Q2,0.05982577229406784,0.013745944354487068,0.0328842164257815,0.08676732816235418,699,42290712.29228352,Universal coverage,CHE > 10%,5.982577229406784,3.2884216425781503,8.676732816235418
Q3,0.03691919792627321,0.00820948688203529,0.02082889930593002,0.05300949654661641,808,42304484.50721861,Universal coverage,CHE > 10%,3.691919792627321,2.082889930593002,5.300949654661641
Q4,0.04189650571477546,0.011865139028090926,0.018641260548156666,0.06515175088139426,1041,42234268.88093987,Universal coverage,CHE > 10%,4.1896505714775465,1.8641260548156666,6.515175088139426
Q5 (richest),0.03888332778076045,0.00800463495665875,0.023194531556318964,0.054572124005201936,1436,42337146.229646675,Universal coverage,CHE > 10%,3.888332778076045,2.3194531556318965,5.457212400520193
Q1 (poorest),0.29039412981112256,0.029197150472818314,0.23316876643320206,0.34761949318904306,701,42262990.72268075,Universal coverage,"CHE, CTP >= 40%",29.039412981112257,23.316876643320207,34.76194931890431
Q2,0.06744008238933692,0.01445688517125286,0.03910510812505014,0.09577505665362371,699,42290712.29228352,Universal coverage,"CHE, CTP >= 40%",6.744008238933692,3.9105108125050143,9.57750566536237
Q3,0.015291942426508132,0.005551337917685826,0.004411520041832335,0.02617236481118393,808,42304484.50721861,Universal coverage,"CHE, CTP >= 40%",1.5291942426508132,0.44115200418323347,2.617236481118393
Q4,0.010210060921025724,0.0038798251833262647,0.0026057432953947328,0.017814378546656715,1041,42234268.88093987,Universal coverage,"CHE, CTP >= 40%",1.0210060921025725,0.2605743295394733,1.7814378546656715
Q5 (richest),0.012979505839072532,0.0038828713189933625,0.005369217897242006,0.02058979378090306,1436,42337146.229646675,Universal coverage,"CHE, CTP >= 40%",1.2979505839072532,0.5369217897242007,2.058979378090306
