quantity,point_estimate,boot_mean,boot_se,ci_low,ci_high,n_replicates
che10_pct,14.143888042637442,14.160530543057787,0.8630305582605623,12.389206179556385,15.94712478449937,200
che_ctp40_pct,7.9009401785808935,7.93940122451237,0.5970812424644324,6.834010968093192,9.272199383409633,200
pure_premium,21458.527397805046,21447.581876664917,1291.3101122799796,19118.61857804338,23928.612237752222,200
gross_premium,27247.077265409433,27232.88008792764,1643.9458904554115,24270.296733059746,30387.508394516935,200
affordable_contribution,10022.279634638973,10017.369534634992,43.98795115048921,9925.025375173713,10099.977783349974,200
expected_claim_random,21341.950485597066,21363.03663777861,1484.6008382743976,18769.520791858162,24183.580529312945,200
min_subsidy_random,15343.911103763381,15351.259646680654,1849.6941488182376,12049.847425164975,18947.83722646169,200
expected_claim_adverse,52717.90992225963,52734.809347480776,4808.203540230767,43928.20714569506,62124.502565465016,200
min_subsidy_adverse,51406.66777420749,51407.450789643175,5606.479300326577,41075.798448424626,62337.16395416169,200
